Height,Weight,Success
1.489381332449196,1.1534152241851305,1
1.8110085304863965,0.9449666896938425,1
-0.04453299665130296,0.34278203449678646,1
-0.36616019468850347,1.130254275908322,1
0.15339143291005095,-0.7921044310668951,1
-1.6031878794469698,-1.8343471035233376,0
-0.14349521143198166,-0.6762996896828459,0
-0.4403818557740143,-0.7921044310668951,0
-0.7372685001160434,-0.027793137932169563,0
-0.11875465773681024,0.5512305689880763,0
